"FullName","TamanhoKB","DataModificacao"
"D:\bruto\$R61POZI\00-AION-Migrate.ps1","12,19","2025-10-10 22:45"
"D:\bruto\$R61POZI\10-Install-Restore-Watcher.ps1","4","2025-10-10 19:36"
"D:\bruto\$R61POZI\35-Demo-Seed.ps1","1,15","2025-10-10 18:06"
"D:\bruto\$R61POZI\AION-RISPA-NDC-UniProc-v05.ps1","5,88","2025-10-04 13:09"
"D:\bruto\$R61POZI\AION-RISPA.NDC-Core.v05.ps1","1,69","2025-10-04 13:09"
"D:\bruto\$R61POZI\core_spec.teia.json","2,97","2025-11-13 23:37"
"D:\bruto\$R61POZI\D__A5MB.core.seed.json.canon.json","0,52","2025-11-13 09:27"
"D:\bruto\$R61POZI\D__D__Corpus_TEIA_sample_blob.bin.seed.json.canon.json","342,08","2025-11-13 09:27"
"D:\bruto\$R61POZI\D__D__Corpus_TEIA_sample_hello.csv.seed.json.canon.json","0,77","2025-11-13 09:27"
"D:\bruto\$R61POZI\D__D__Corpus_TEIA_sample_runsA_512k.bin.seed.json.canon.json","0,58","2025-11-13 09:27"
"D:\bruto\$R61POZI\D__D__Corpus_TEIA_sample_text_hello.txt.seed.json.canon.json","66,58","2025-11-13 09:27"
"D:\bruto\$R61POZI\D__D__Corpus_TEIA_sample_zeros_512k.bin.seed.json.canon.json","0,58","2025-11-13 09:27"
"D:\bruto\$R61POZI\D__D__Corpus_TEIA_teia_headroom_top.csv.seed.json.canon.json","1,16","2025-11-13 09:27"
"D:\bruto\$R61POZI\D__fractal_benchmark_20250905_184324.log.preview.txt.seed.json.canon.json","0,64","2025-11-13 09:27"
"D:\bruto\$R61POZI\D__fractal_benchmark_20250905_184324.log.seed.json.canon.json","0,65","2025-11-13 09:27"
"D:\bruto\$R61POZI\D__TEIA-Fractal-Benchmark-IO.ps1.preview.txt.seed.json.canon.json","1,72","2025-11-13 09:27"
"D:\bruto\$R61POZI\D__TEIA-Fractal-Benchmark-IO.ps1.seed.json.canon.json","4,23","2025-11-13 09:27"
"D:\bruto\$R61POZI\Deploy-TEIA-Seed-Dashboard.ps1","14,54","2025-09-27 11:45"
"D:\bruto\$R61POZI\Fix-TEIA-SeedAnchor.ps1","10,65","2025-09-28 16:05"
"D:\bruto\$R61POZI\fractal_index.json","30255,5","2025-11-13 23:25"
"D:\bruto\$R61POZI\GeminiSeedAdapter.ps1","2,13","2025-09-26 18:08"
"D:\bruto\$R61POZI\OntoSeed_614a77_raw.json","0,6","2025-11-13 00:32"
"D:\bruto\$R61POZI\rep1M.bin.teia.v0.4.seed.json","0,31","2025-11-08 23:54"
"D:\bruto\$R61POZI\rep1M.bin.teia.v1.0.seed.json","0,43","2025-11-09 00:33"
"D:\bruto\$R61POZI\restore (2).py","0,06","2025-11-18 20:40"
"D:\bruto\$R61POZI\restore_summary.md","0,32","2025-11-04 16:59"
"D:\bruto\$R61POZI\restore.cpython-312 (2).pyc","10,6","2025-11-18 20:41"
"D:\bruto\$R61POZI\restore.cpython-312.pyc","0,21","2025-11-18 20:41"
"D:\bruto\$R61POZI\restore.py","9,3","2025-11-18 18:40"
"D:\bruto\$R61POZI\restored_payload.bin","3,15","2025-11-14 00:53"
"D:\bruto\$R61POZI\RestoreDevice","2,55","2025-08-17 22:51"
"D:\bruto\$R61POZI\Run-SeedCanon.ps1","0,19","2025-11-13 09:24"
"D:\bruto\$R61POZI\Run-TEIA-Core-Corpus-v0.3.3.ps1","9,34","2025-10-30 17:11"
"D:\bruto\$R61POZI\Run-TEIA-Core-Tests-v0.3.2.1.ps1","9,02","2025-10-30 11:02"
"D:\bruto\$R61POZI\seed_canon_log.json","96,61","2025-11-13 09:28"
"D:\bruto\$R61POZI\seed_canon_records.json","2,62","2025-11-13 09:28"
"D:\bruto\$R61POZI\seed_diff_log.json","0","2025-11-13 09:25"
"D:\bruto\$R61POZI\seed_variant1.cpython-312.pyc","10,81","2025-11-18 20:40"
"D:\bruto\$R61POZI\seed_variant1.py","9,54","2025-11-18 18:40"
"D:\bruto\$R61POZI\seed.cpython-312.pyc","0,21","2025-11-18 20:40"
"D:\bruto\$R61POZI\seed.py","0,07","2025-11-18 18:07"
"D:\bruto\$R61POZI\TEIA-Core-Service-v1.0.ps1","3,52","2025-11-09 00:33"
"D:\bruto\$R61POZI\TEIA-Core-Service.ps1","3,76","2025-11-08 23:49"
"D:\bruto\$R61POZI\TEIA-Core-v0.4.0.ps1","6,27","2025-11-08 23:48"
"D:\bruto\$R61POZI\TEIA-Core-v1.0.0.ps1","4,95","2025-11-09 00:33"
"D:\bruto\TEIA\00-AION-Migrate.ps1","12,19","2025-10-10 22:45"
"D:\bruto\TEIA\10-Install-Restore-Watcher.ps1","4","2025-10-10 19:36"
"D:\bruto\TEIA\35-Demo-Seed.ps1","1,15","2025-10-10 18:06"
"D:\bruto\TEIA\35-Demo-Seed.zip","78407,79","2025-11-20 06:43"
"D:\bruto\TEIA\AION-RISPA-NDC-UniProc-v05.ps1","5,88","2025-10-04 13:09"
"D:\bruto\TEIA\AION-RISPA.NDC-Core.v05.ps1","1,69","2025-10-04 13:09"
"D:\bruto\TEIA\core_spec.teia.json","2,97","2025-11-13 23:37"
"D:\bruto\TEIA\D__A5MB.core.seed.json.canon.json","0,52","2025-11-13 09:27"
"D:\bruto\TEIA\D__D__Corpus_TEIA_sample_blob.bin.seed.json.canon.json","342,08","2025-11-13 09:27"
"D:\bruto\TEIA\D__D__Corpus_TEIA_sample_hello.csv.seed.json.canon.json","0,77","2025-11-13 09:27"
"D:\bruto\TEIA\D__D__Corpus_TEIA_sample_runsA_512k.bin.seed.json.canon.json","0,58","2025-11-13 09:27"
"D:\bruto\TEIA\D__D__Corpus_TEIA_sample_text_hello.txt.seed.json.canon.json","66,58","2025-11-13 09:27"
"D:\bruto\TEIA\D__D__Corpus_TEIA_sample_zeros_512k.bin.seed.json.canon.json","0,58","2025-11-13 09:27"
"D:\bruto\TEIA\D__D__Corpus_TEIA_teia_headroom_top.csv.seed.json.canon.json","1,16","2025-11-13 09:27"
"D:\bruto\TEIA\D__fractal_benchmark_20250905_184324.log.preview.txt.seed.json.canon.json","0,64","2025-11-13 09:27"
"D:\bruto\TEIA\D__fractal_benchmark_20250905_184324.log.seed.json.canon.json","0,65","2025-11-13 09:27"
"D:\bruto\TEIA\D__TEIA-Fractal-Benchmark-IO.ps1.preview.txt.seed.json.canon.json","1,72","2025-11-13 09:27"
"D:\bruto\TEIA\D__TEIA-Fractal-Benchmark-IO.ps1.seed.json.canon.json","4,23","2025-11-13 09:27"
"D:\bruto\TEIA\Deploy-TEIA-Seed-Dashboard.ps1","14,54","2025-09-27 11:45"
"D:\bruto\TEIA\Fix-TEIA-SeedAnchor.ps1","10,65","2025-09-28 16:05"
"D:\bruto\TEIA\fractal_index.json","30255,5","2025-11-13 23:25"
"D:\bruto\TEIA\GeminiSeedAdapter.ps1","2,13","2025-09-26 18:08"
"D:\bruto\TEIA\OntoSeed_614a77_raw.json","0,6","2025-11-13 00:32"
"D:\bruto\TEIA\rep1M.bin.teia.v0.4.seed.json","0,31","2025-11-08 23:54"
"D:\bruto\TEIA\rep1M.bin.teia.v1.0.seed.json","0,43","2025-11-09 00:33"
"D:\bruto\TEIA\restore (2).py","0,06","2025-11-18 20:40"
"D:\bruto\TEIA\restore_summary.md","0,32","2025-11-04 16:59"
"D:\bruto\TEIA\restore_teia.ps1","1,5","2025-11-24 22:11"
"D:\bruto\TEIA\restore.cpython-312 (2).pyc","10,6","2025-11-18 20:41"
"D:\bruto\TEIA\restore.cpython-312.pyc","0,21","2025-11-18 20:41"
"D:\bruto\TEIA\restore.py","9,3","2025-11-18 18:40"
"D:\bruto\TEIA\restored_payload.bin","3,15","2025-11-14 00:53"
"D:\bruto\TEIA\RestoreDevice","2,55","2025-08-17 22:51"
"D:\bruto\TEIA\RUN_RESTORE.ps1","2,92","2025-11-24 21:25"
"D:\bruto\TEIA\Run-SeedCanon.ps1","0,19","2025-11-13 09:24"
"D:\bruto\TEIA\Run-TEIA-Core-Corpus-v0.3.3.ps1","9,34","2025-10-30 17:11"
"D:\bruto\TEIA\Run-TEIA-Core-Tests-v0.3.2.1.ps1","9,02","2025-10-30 11:02"
"D:\bruto\TEIA\seed_canon_log.json","96,61","2025-11-13 09:28"
"D:\bruto\TEIA\seed_canon_records.json","2,62","2025-11-13 09:28"
"D:\bruto\TEIA\seed_diff_log.json","0","2025-11-13 09:25"
"D:\bruto\TEIA\seed_variant1.cpython-312.pyc","10,81","2025-11-18 20:40"
"D:\bruto\TEIA\seed_variant1.py","9,54","2025-11-18 18:40"
"D:\bruto\TEIA\seed.cpython-312.pyc","0,21","2025-11-18 20:40"
"D:\bruto\TEIA\seed.json","0,26","2025-11-25 12:32"
"D:\bruto\TEIA\seed.py","0,07","2025-11-18 18:07"
"D:\bruto\TEIA\teia_seed_analysis.json","4,91","2025-11-13 09:30"
"D:\bruto\TEIA\TEIA-Core-Service-v1.0.ps1","3,52","2025-11-09 00:33"
"D:\bruto\TEIA\TEIA-Core-Service.ps1","3,76","2025-11-08 23:49"
"D:\bruto\TEIA\TEIA-Core-v0.4.0.ps1","6,27","2025-11-08 23:48"
"D:\bruto\TEIA\TEIA-Core-v1.0.0.ps1","4,95","2025-11-09 00:33"
"D:\bruto\TEIA\TEIA-Fractal-RestoreOnDemand.ps1","2,42","2025-08-23 08:33"
"D:\bruto\TEIA\TEIA-GENESIS-OMNI_FINAL_RESTOREFIX.ps1","8281,67","2025-11-25 20:43"
"D:\bruto\TEIA\TEIA-Manifest-Restore-v0.4.ps1","0,57","2025-11-08 23:48"
"D:\bruto\TEIA\TEIA-Manifest-Restore-v1.0.ps1","0,57","2025-11-09 00:33"
"D:\bruto\TEIA\TEIA-Seed-Pack-v0.4.ps1","4,51","2025-11-08 23:48"
"D:\bruto\TEIA\TEIA-Seed-Pack-v1.0.ps1","3,83","2025-11-09 00:33"
"D:\bruto\TEIA\test_image.ppm.seed.json","1589,09","2025-11-18 23:14"
"D:\bruto\TEIA\Analisados\00-AION-Migrate.ps1","12,19","2025-10-10 22:45"
"D:\bruto\TEIA\Analisados\10-Install-Restore-Watcher.ps1","4","2025-10-10 19:36"
"D:\bruto\TEIA\Analisados\35-Demo-Seed.ps1","1,15","2025-10-10 18:06"
"D:\bruto\TEIA\Analisados\AION-RISPA-NDC-UniProc-v05.ps1","5,88","2025-10-04 13:09"
"D:\bruto\TEIA\Analisados\AION-RISPA.NDC-Core.v05.ps1","1,69","2025-10-04 13:09"
"D:\bruto\TEIA\Analisados\core_spec.teia.json","2,97","2025-11-13 23:37"
"D:\bruto\TEIA\Analisados\D__A5MB.core.seed.json.canon.json","0,52","2025-11-13 09:27"
"D:\bruto\TEIA\Analisados\D__D__Corpus_TEIA_sample_blob.bin.seed.json.canon.json","342,08","2025-11-13 09:27"
"D:\bruto\TEIA\Analisados\D__D__Corpus_TEIA_sample_hello.csv.seed.json.canon.json","0,77","2025-11-13 09:27"
"D:\bruto\TEIA\Analisados\D__D__Corpus_TEIA_sample_runsA_512k.bin.seed.json.canon.json","0,58","2025-11-13 09:27"
"D:\bruto\TEIA\Analisados\D__D__Corpus_TEIA_sample_text_hello.txt.seed.json.canon.json","66,58","2025-11-13 09:27"
"D:\bruto\TEIA\Analisados\D__D__Corpus_TEIA_sample_zeros_512k.bin.seed.json.canon.json","0,58","2025-11-13 09:27"
"D:\bruto\TEIA\Analisados\D__D__Corpus_TEIA_teia_headroom_top.csv.seed.json.canon.json","1,16","2025-11-13 09:27"
"D:\bruto\TEIA\Analisados\D__fractal_benchmark_20250905_184324.log.preview.txt.seed.json.canon.json","0,64","2025-11-13 09:27"
"D:\bruto\TEIA\Analisados\D__fractal_benchmark_20250905_184324.log.seed.json.canon.json","0,65","2025-11-13 09:27"
"D:\bruto\TEIA\Analisados\D__TEIA-Fractal-Benchmark-IO.ps1.preview.txt.seed.json.canon.json","1,72","2025-11-13 09:27"
"D:\bruto\TEIA\Analisados\D__TEIA-Fractal-Benchmark-IO.ps1.seed.json.canon.json","4,23","2025-11-13 09:27"
"D:\bruto\TEIA\Analisados\Deploy-TEIA-Seed-Dashboard.ps1","14,54","2025-09-27 11:45"
"D:\bruto\TEIA\Analisados\Fix-TEIA-SeedAnchor.ps1","10,65","2025-09-28 16:05"
"D:\bruto\TEIA\Analisados\fractal_index.json","30255,5","2025-11-13 23:25"
"D:\bruto\TEIA\Analisados\GeminiSeedAdapter.ps1","2,13","2025-09-26 18:08"
"D:\bruto\TEIA\Analisados\OntoSeed_614a77_raw.json","0,6","2025-11-13 00:32"
"D:\bruto\TEIA\Analisados\rep1M.bin.teia.v0.4.seed.json","0,31","2025-11-08 23:54"
"D:\bruto\TEIA\Analisados\rep1M.bin.teia.v1.0.seed.json","0,43","2025-11-09 00:33"
"D:\bruto\TEIA\Analisados\restore (2).py","0,06","2025-11-18 20:40"
"D:\bruto\TEIA\Analisados\restore_summary.md","0,32","2025-11-04 16:59"
"D:\bruto\TEIA\Analisados\restore.py","9,3","2025-11-18 18:40"
"D:\bruto\TEIA\Analisados\Run-SeedCanon.ps1","0,19","2025-11-13 09:24"
"D:\bruto\TEIA\Analisados\Run-TEIA-Core-Corpus-v0.3.3.ps1","9,34","2025-10-30 17:11"
"D:\bruto\TEIA\Analisados\Run-TEIA-Core-Tests-v0.3.2.1.ps1","9,02","2025-10-30 11:02"
"D:\bruto\TEIA\Analisados\seed_canon_log.json","96,61","2025-11-13 09:28"
"D:\bruto\TEIA\Analisados\seed_canon_records.json","2,62","2025-11-13 09:28"
"D:\bruto\TEIA\Analisados\seed_variant1.py","9,54","2025-11-18 18:40"
"D:\bruto\TEIA\Analisados\seed.py","0,07","2025-11-18 18:07"
"D:\bruto\TEIA\Analisados\seedfirst_benchmark_run.log","1,15","2025-09-15 21:23"
"D:\bruto\TEIA\Analisados\teia_seed_analysis.json","4,91","2025-11-13 09:30"
"D:\bruto\TEIA\Analisados\TEIA-Core-Service-v1.0.ps1","3,52","2025-11-09 00:33"
"D:\bruto\TEIA\Analisados\TEIA-Core-Service.ps1","3,76","2025-11-08 23:49"
"D:\bruto\TEIA\Analisados\TEIA-Core-v0.4.0.ps1","6,27","2025-11-08 23:48"
"D:\bruto\TEIA\Analisados\TEIA-Core-v1.0.0.ps1","4,95","2025-11-09 00:33"
"D:\bruto\TEIA\Analisados\TEIA-Fractal-RestoreOnDemand.ps1","2,42","2025-08-23 08:33"
"D:\bruto\TEIA\Analisados\TEIA-Manifest-Restore-v0.4.ps1","0,57","2025-11-08 23:48"
"D:\bruto\TEIA\Analisados\TEIA-Manifest-Restore-v1.0.ps1","0,57","2025-11-09 00:33"
"D:\bruto\TEIA\Analisados\TEIA-Seed-Pack-v0.4.ps1","4,51","2025-11-08 23:48"
"D:\bruto\TEIA\Analisados\TEIA-Seed-Pack-v1.0.ps1","3,83","2025-11-09 00:33"
"D:\bruto\TEIA\Analisados\test_image.ppm.seed.json","1589,09","2025-11-18 23:14"
"D:\bruto\TEIA\backups\TEIA-GENESIS-OMNI_NewTeiaSeedAut_20251125_200921.bak.ps1","8281,44","2025-11-25 19:58"
"D:\bruto\TEIA\backups\TEIA-GENESIS-OMNI_SeedAsHashtableFix_20251125_212557.bak.ps1","8281,9","2025-11-25 21:07"
"D:\bruto\TEIA\bin\AION-RISPA-NDC-UniProc-v05.ps1","5,88","2025-11-25 23:23"
"D:\bruto\TEIA\bin\AION-RISPA.NDC-Core.v05.ps1","1,69","2025-11-25 23:23"
"D:\bruto\TEIA\bin\TEIA-Core-v1.0.0.ps1","4,95","2025-11-25 23:23"
"D:\bruto\TEIA\bin\modules\restore.py","9,3","2025-11-25 23:23"
"D:\bruto\TEIA\bin\modules\seed_variant1.py","9,54","2025-11-25 23:23"
"D:\bruto\TEIA\canon\legacy_resgatado\TEIA-OntoSeed-Gen.ps1","4,86","2025-11-28 22:55"
"D:\bruto\TEIA\data\english_seed.txt","0,4","2025-11-25 23:23"
"D:\bruto\TEIA\data\fractal_index.json","30255,5","2025-11-25 23:23"
"D:\bruto\TEIA\Miniconda\envs\agents_v2\Lib\site-packages\googleapiclient\discovery_cache\documents\firestore.v1.json","204,64","2025-11-28 13:08"
"D:\bruto\TEIA\Miniconda\envs\agents_v2\Lib\site-packages\googleapiclient\discovery_cache\documents\firestore.v1beta1.json","127,62","2025-11-28 13:08"
"D:\bruto\TEIA\Miniconda\envs\agents_v2\Lib\site-packages\googleapiclient\discovery_cache\documents\firestore.v1beta2.json","56,18","2025-11-28 13:08"
"D:\bruto\TEIA\Miniconda\envs\agents_v2\Lib\site-packages\modelscope\models\multi_modal\image_to_video\utils\seed.py","0,27","2025-11-26 22:38"
"D:\bruto\TEIA\Miniconda\envs\agents_v2\Lib\site-packages\modelscope\models\multi_modal\video_to_video\utils\seed.py","0,27","2025-11-26 22:38"
"D:\bruto\TEIA\Miniconda\envs\agents_v2\Lib\site-packages\numpy\random\tests\test_seed_sequence.py","3,31","2025-11-27 19:08"
"D:\bruto\TEIA\Miniconda\envs\agents_v2\Lib\site-packages\paddle\include\paddle\phi\kernels\impl\seed_kernel_impl.h","1,83","2025-11-26 22:38"
"D:\bruto\TEIA\Miniconda\envs\agents_v2\Lib\site-packages\win32\Demos\RegRestoreKey.py","2,08","2025-11-26 22:36"
"D:\bruto\TEIA\Miniconda\envs\agents_v2\Library\include\openssl\seed.h","3,87","2025-10-03 08:19"
"D:\bruto\TEIA\Miniconda\envs\teia_cli\Lib\site-packages\googleapiclient\discovery_cache\documents\firestore.v1.json","204,64","2025-11-27 18:36"
"D:\bruto\TEIA\Miniconda\envs\teia_cli\Lib\site-packages\googleapiclient\discovery_cache\documents\firestore.v1beta1.json","127,62","2025-11-27 18:36"
"D:\bruto\TEIA\Miniconda\envs\teia_cli\Lib\site-packages\googleapiclient\discovery_cache\documents\firestore.v1beta2.json","56,18","2025-11-27 18:36"
"D:\bruto\TEIA\Miniconda\envs\teia_cli\Lib\site-packages\numpy\random\tests\test_seed_sequence.py","3,31","2025-11-27 18:34"
"D:\bruto\TEIA\Miniconda\envs\teia_cli\Library\include\openssl\seed.h","3,87","2025-10-03 08:19"
"D:\bruto\TEIA\Miniconda\envs\teia_vision\Lib\site-packages\numpy\random\tests\test_seed_sequence.py","3,31","2025-11-27 20:50"
"D:\bruto\TEIA\Miniconda\envs\teia_vision\Library\include\openssl\seed.h","3,87","2025-10-03 08:19"
"D:\bruto\TEIA\Miniconda\Library\include\openssl\seed.h","3,87","2025-10-03 08:19"
"D:\bruto\TEIA\Miniconda\pkgs\openssl-3.0.18-h543e019_0\Library\include\openssl\seed.h","3,87","2025-10-03 08:19"
"D:\bruto\TEIA\Miniconda\pkgs\pygments-2.19.2-py313haa95532_0\info\test\tests\snippets\j\test_deal_operator_fixed_seed.txt","0,18","2020-02-01 21:00"
"D:\bruto\TEIA\spec\core_spec.teia.json","2,97","2025-11-25 23:23"
"D:\bruto\TEIA\spec\OntoSeed_614a77_raw.json","0,6","2025-11-25 23:23"
"D:\bruto\TEIA\TEIA_ATLAS\Materia_Bruta\D_Drive\Miniconda\envs\agents_v2\Lib\site-packages\modelscope\models\multi_modal\image_to_video\utils\__pycache__\seed.cpython-310.pyc","0,5","2025-11-26 22:38"
"D:\bruto\TEIA\TEIA_ATLAS\Materia_Bruta\D_Drive\Miniconda\envs\agents_v2\Lib\site-packages\modelscope\models\multi_modal\video_to_video\utils\__pycache__\seed.cpython-310.pyc","0,5","2025-11-26 22:38"
"D:\bruto\TEIA\TEIA_ATLAS\Materia_Bruta\D_Drive\Miniconda\envs\agents_v2\Lib\site-packages\numpy\random\tests\__pycache__\test_seed_sequence.cpython-310.pyc","2,5","2025-11-27 19:09"
"D:\bruto\TEIA\TEIA_ATLAS\Materia_Bruta\D_Drive\Miniconda\envs\agents_v2\Lib\site-packages\win32\Demos\__pycache__\RegRestoreKey.cpython-310.pyc","1,49","2025-11-26 22:36"
"D:\bruto\TEIA\TEIA_ATLAS\Materia_Bruta\D_Drive\Miniconda\envs\teia_cli\Lib\site-packages\numpy\random\tests\__pycache__\test_seed_sequence.cpython-311.pyc","3,78","2025-11-27 18:34"
"D:\bruto\TEIA\TEIA_ATLAS\Materia_Bruta\D_Drive\Miniconda\envs\teia_vision\Lib\site-packages\numpy\random\tests\__pycache__\test_seed_sequence.cpython-310.pyc","2,5","2025-11-27 20:50"
"D:\bruto\TEIA\TEIA_ATLAS\Materia_Bruta\D_Drive\TEIA\output.seed","9842,75","2025-11-25 23:15"
"D:\bruto\TEIA\TEIA_ATLAS\Materia_Bruta\D_Drive\TEIA\renderizacao-3d-de-dados.jpg.output.seed","9842,75","2025-11-25 23:23"
"D:\bruto\TEIA\TEIA_ATLAS\Materia_Bruta\D_Drive\TEIA\Analisados\restore.cpython-312 (2).pyc","10,6","2025-11-18 20:41"
"D:\bruto\TEIA\TEIA_ATLAS\Materia_Bruta\D_Drive\TEIA\Analisados\restore.cpython-312.pyc","0,21","2025-11-18 20:41"
"D:\bruto\TEIA\TEIA_ATLAS\Materia_Bruta\D_Drive\TEIA\Analisados\restored_payload.bin","3,15","2025-11-14 00:53"
"D:\bruto\TEIA\TEIA_ATLAS\Materia_Bruta\D_Drive\TEIA\Analisados\seed_variant1.cpython-312.pyc","10,81","2025-11-18 20:40"
"D:\bruto\TEIA\TEIA_ATLAS\Materia_Bruta\D_Drive\TEIA\Analisados\seed.cpython-312.pyc","0,21","2025-11-18 20:40"
"D:\bruto\TEIA\TEIA_ATLAS\Materia_Bruta\D_Drive\TEIA\Analisados\Tless0_restored.tiff","21,48","2025-11-19 23:43"
"D:\bruto\TEIA\TEIA_ATLAS\Materia_Bruta\D_Drive\TEIA\Analisados\Tless0.restored.tiff","21,48","2025-11-19 23:32"
"D:\bruto\TEIA\TEIA_ATLAS\Materia_Bruta\D_Drive\TEIA\Analisados\Tless0.tiff.teia3.seed","0,19","2025-11-20 16:53"
"D:\bruto\TEIA\TEIA_ATLAS\Materia_Bruta\D_Drive\TEIA\Analisados\TEIA_Hypervisor\dashboard\DTEIA_Hypervisorworkspaceinput\Tless0.restored.jpg","61,17","2025-11-20 21:05"
"D:\bruto\TEIA\TEIA_ATLAS\Materia_Bruta\D_Drive\TEIA_Data\site-packages\numpy\random\tests\__pycache__\test_seed_sequence.cpython-311.pyc","3,8","2025-11-30 09:11"
"D:\bruto\TEIA\TEIA_ATLAS\Materia_Bruta\D_Drive\TEIA_Data\site-packages\win32\Demos\__pycache__\RegRestoreKey.cpython-311.pyc","2,71","2025-11-30 09:10"
"D:\bruto\TEIA\TEIA_Data\site-packages\numpy\random\tests\test_seed_sequence.py","3,31","2025-11-30 09:10"
"D:\bruto\TEIA\TEIA_Data\site-packages\win32\Demos\RegRestoreKey.py","2,08","2025-11-30 09:10"
"D:\bruto\TEIA\TEIA_NUCLEO\offline\nano\fractal_index.json","0,32","2025-11-29 19:57"
"D:\bruto\TEIA\TEIA_NUCLEO\offline\nano\meta\teia_seed_schema.v1.json","3,1","2025-11-29 18:52"
"D:\ChatGPT_2438\Auditoria TEIA - AION-RISPA_7979fd631f21.json","2046,02","2026-03-20 19:04"
"D:\ChatGPT_2438\Diagnóstico falha geração seed_05e822bf8659.json","243,42","2026-03-20 19:04"
"D:\ChatGPT_2438\Otimização AION-RISPA-NDC_c53d86fe94a8.json","23,26","2026-03-20 19:04"
"D:\ChatGPT_2438\Ramificação · Diagnóstico falha geração seed_cb5a4eb1db5c.json","415,79","2026-03-20 19:04"
"D:\ChatGPT_Markdown\2141 - Otimização AION-RISPANDC.md","8,44","2026-03-25 19:32"
"D:\ChatGPT_Markdown\2232 - Auditoria TEIA  AION-RISPA.md","591,67","2026-03-25 19:32"
"D:\ChatGPT_Markdown\2376 - Diagnóstico falha geração seed.md","59,36","2026-03-25 19:32"
"D:\ChatGPT_Markdown\2377 - Ramificação · Diagnóstico falha geração seed.md","146,58","2026-03-25 19:32"
"D:\iCloudDrive\1-Pessoal\Felippe Pessoal\Creator\Vídeos\Editar\@IA\TEIA\Núcleo\TEIA\AION-RISPA-NDC_delta-final-alfa-omega.html","11,51","2025-10-20 19:16"
"D:\iCloudDrive\1-Pessoal\Felippe Pessoal\Creator\Vídeos\Editar\@IA\TEIA\Núcleo\TEIA\auditoria_teia_seed.py","1,83","2025-09-09 17:07"
"D:\iCloudDrive\1-Pessoal\Felippe Pessoal\Creator\Vídeos\Editar\@IA\TEIA\Núcleo\TEIA\auditoria_teia_seed.py.py","1,83","2025-09-09 17:07"
"D:\iCloudDrive\1-Pessoal\Felippe Pessoal\Creator\Vídeos\Editar\@IA\TEIA\Núcleo\TEIA\compactador_seed_teia.py","1,06","2025-09-09 17:07"
"D:\iCloudDrive\1-Pessoal\Felippe Pessoal\Creator\Vídeos\Editar\@IA\TEIA\Núcleo\TEIA\compactador_seed_teia.py.py","1,06","2025-09-09 17:07"
"D:\iCloudDrive\1-Pessoal\Felippe Pessoal\Creator\Vídeos\Editar\@IA\TEIA\Núcleo\TEIA\decode_seed.py","1,94","2025-09-09 20:52"
"D:\iCloudDrive\1-Pessoal\Felippe Pessoal\Creator\Vídeos\Editar\@IA\TEIA\Núcleo\TEIA\encode_seed.py","2,17","2025-09-09 20:44"
"D:\iCloudDrive\1-Pessoal\Felippe Pessoal\Creator\Vídeos\Editar\@IA\TEIA\Núcleo\TEIA\inspect_seed.py","1,09","2025-09-09 15:29"
"D:\iCloudDrive\1-Pessoal\Felippe Pessoal\Creator\Vídeos\Editar\@IA\TEIA\Núcleo\TEIA\make_seed_lzma.py.py","1,37","2025-09-09 15:34"
"D:\iCloudDrive\1-Pessoal\Felippe Pessoal\Creator\Vídeos\Editar\@IA\TEIA\Núcleo\TEIA\ProvaTeiaRemota.PNG.seed.txt","3100,61","2025-09-10 00:11"
"D:\iCloudDrive\1-Pessoal\Felippe Pessoal\Creator\Vídeos\Editar\@IA\TEIA\Núcleo\TEIA\restaurador_seed_teia.py","1,03","2025-09-09 17:07"
"D:\iCloudDrive\1-Pessoal\Felippe Pessoal\Creator\Vídeos\Editar\@IA\TEIA\Núcleo\TEIA\restaurador_seed_teia.py.py","1,03","2025-09-09 17:07"
"D:\iCloudDrive\1-Pessoal\Felippe Pessoal\Creator\Vídeos\Editar\@IA\TEIA\Núcleo\TEIA\restore_seed_lzma.py","1,13","2025-09-09 15:35"
"D:\iCloudDrive\1-Pessoal\Felippe Pessoal\Creator\Vídeos\Editar\@IA\TEIA\Núcleo\TEIA\restored_ProvaTeiaRemota.PNG","2348,64","2025-09-09 15:35"
"D:\iCloudDrive\1-Pessoal\Felippe Pessoal\Creator\Vídeos\Editar\@IA\TEIA\Núcleo\TEIA\seed_hashonly_ProvaTeiaRemota.PNG_2025-09-09T15-31-09.json","0,18","2025-09-09 15:31"
"D:\iCloudDrive\1-Pessoal\Felippe Pessoal\Creator\Vídeos\Editar\@IA\TEIA\Núcleo\TEIA\seed_ProvaTeiaRemota.PNG_2025-09-09T15-18-41.txt","3131,79","2025-09-09 15:18"
"D:\iCloudDrive\1-Pessoal\Felippe Pessoal\Creator\Vídeos\Editar\@IA\TEIA\Núcleo\TEIA\seed_ProvaTeiaRemota.PNG_2025-09-09T15-34-02.lzma","2320,73","2025-09-09 15:34"
"D:\iCloudDrive\1-Pessoal\Felippe Pessoal\Creator\Vídeos\Editar\@IA\TEIA\Núcleo\TEIA\seed_ProvaTeiaRemota.PNG_2025-09-09T15-34-02.meta.json","0,32","2025-09-09 15:34"
"D:\iCloudDrive\1-Pessoal\Felippe Pessoal\Creator\Vídeos\Editar\@IA\TEIA\Núcleo\TEIA\seed_ProvaTeiaRemota.PNG.txt","3100,55","2025-09-09 17:02"
"D:\iCloudDrive\1-Pessoal\Felippe Pessoal\Creator\Vídeos\Editar\@IA\TEIA\Núcleo\TEIA\seed_ProvaTeiaRemota.PNG.txt.meta.json","0,47","2025-09-09 17:02"
"D:\iCloudDrive\1-Pessoal\Felippe Pessoal\Creator\Vídeos\Editar\@IA\TEIA\Núcleo\TEIA\seed_ProvaTeiaRemota.PNG.txt.sha256","0,06","2025-09-09 17:02"
"D:\iCloudDrive\1-Pessoal\Felippe Pessoal\Creator\Vídeos\Editar\@IA\TEIA\Núcleo\TEIA\seed_teia_2025-09-09T15-15-22.txt","0,31","2025-09-09 15:15"
"D:\iCloudDrive\1-Pessoal\Felippe Pessoal\Creator\Vídeos\Editar\@IA\TEIA\Núcleo\TEIA\TEIA_seed_validation_report.json","2,12","2025-09-10 18:12"
"D:\iCloudDrive\1-Pessoal\Felippe Pessoal\Creator\Vídeos\Editar\@IA\TEIA\Núcleo\TEIA\seeds\seed_ProvaTeiaRemota.PNG_2025-09-07T03-28-17.txt","3131,79","2025-09-07 03:28"
"D:\iCloudDrive\1-Pessoal\Felippe Pessoal\Creator\Vídeos\Editar\@IA\TEIA\Núcleo\TEIA\seeds\seed_ProvaTeiaRemota.PNG_2025-09-07T15-55-33.txt","3131,79","2025-09-07 15:55"
"D:\iCloudDrive\1-Pessoal\Felippe Pessoal\Creator\Vídeos\Editar\@IA\TEIA\Núcleo\TEIA\seeds\seed_teia_2025-09-07T00-49-21.txt","0,37","2025-09-07 00:49"
"D:\iCloudDrive\1-Pessoal\Felippe Pessoal\Creator\Vídeos\Editar\@IA\TEIA\Núcleo\TEIA\teia_procedural\auditoria_teia_seed.py.py","1,83","2025-09-07 04:20"
"D:\iCloudDrive\1-Pessoal\Felippe Pessoal\Creator\Vídeos\Editar\@IA\TEIA\Núcleo\TEIA\teia_procedural\compactador_seed_teia.py.py","1,06","2025-09-07 00:46"
"D:\iCloudDrive\1-Pessoal\Felippe Pessoal\Creator\Vídeos\Editar\@IA\TEIA\Núcleo\TEIA\teia_procedural\restaurador_seed_teia.py.py","1,03","2025-09-07 00:51"
"D:\iCloudDrive\1-Pessoal\Felippe Pessoal\Creator\Vídeos\Editar\@IA\TEIA\Qr Code Fractal\IMG_8929.mov.bb8b36666305.teia.json","0,23","2025-09-28 01:07"
"D:\iCloudDrive\1-Pessoal\Felippe Pessoal\Creator\Vídeos\Editar\TEIA\Teia\TEIA_NUCLEO\offline\nano\restored_566.36-desktop-win10.exe_20250831_162432.exe","0","2025-08-31 16:24"
"D:\iCloudDrive\1-Pessoal\Felippe Pessoal\Creator\Vídeos\Editar\TEIA\Teia\untitled folder\AION-RISPA-NDC_delta-final-alfa-omega.html","11,51","2025-10-20 19:19"
"D:\iCloudDrive\1-Pessoal\Felippe Pessoal\Creator\Vídeos\Editar\TEIA\Teia\untitled folder\ESP32\manifest_seed.json","0,95","2025-10-19 10:32"
"D:\iCloudDrive\1-Pessoal\Felippe Pessoal\Creator\Vídeos\Editar\TEIA\Teia\untitled folder\NúcleoCompressorProcedural\Ontology\teia_format_ontology_1500e7a56cbc.seed (1).json","0,6","2025-09-12 20:28"
"D:\iCloudDrive\1-Pessoal\Felippe Pessoal\Creator\Vídeos\Editar\TEIA\Teia\untitled folder\NúcleoCompressorProcedural\Ontology\teia_format_ontology_1500e7a56cbc.seed (2).json","0,6","2025-09-12 20:28"
"D:\iCloudDrive\1-Pessoal\Felippe Pessoal\Creator\Vídeos\Editar\TEIA\Teia\untitled folder\NúcleoCompressorProcedural\Ontology\teia_format_ontology_1500e7a56cbc.seed (3).json","0,6","2025-09-12 20:28"
"D:\iCloudDrive\1-Pessoal\Felippe Pessoal\Creator\Vídeos\Editar\TEIA\Teia\untitled folder\NúcleoCompressorProcedural\Ontology\teia_format_ontology_1500e7a56cbc.seed_57cff3d38f26.seed (1).json","0,62","2025-09-13 16:07"
"D:\iCloudDrive\1-Pessoal\Felippe Pessoal\Creator\Vídeos\Editar\TEIA\Teia\untitled folder\NúcleoCompressorProcedural\Ontology\teia_format_ontology_1500e7a56cbc.seed_57cff3d38f26.seed (2).json","0,62","2025-09-13 16:07"
"D:\iCloudDrive\1-Pessoal\Felippe Pessoal\Creator\Vídeos\Editar\TEIA\Teia\untitled folder\NúcleoCompressorProcedural\Ontology\teia_format_ontology_1500e7a56cbc.seed_57cff3d38f26.seed_c02101ba555b.seed (1).json","0,64","2025-09-13 16:07"
"D:\iCloudDrive\1-Pessoal\Felippe Pessoal\Creator\Vídeos\Editar\TEIA\Teia\untitled folder\NúcleoCompressorProcedural\Ontology\teia_format_ontology_1500e7a56cbc.seed_57cff3d38f26.seed_c02101ba555b.seed (2).json","0,64","2025-09-13 16:07"
"D:\iCloudDrive\1-Pessoal\Felippe Pessoal\Creator\Vídeos\Editar\TEIA\Teia\untitled folder\NúcleoCompressorProcedural\Ontology\teia_format_ontology_1500e7a56cbc.seed_57cff3d38f26.seed_c02101ba555b.seed (3).json","0,64","2025-09-13 16:07"
"D:\iCloudDrive\1-Pessoal\Felippe Pessoal\Creator\Vídeos\Editar\TEIA\Teia\untitled folder\NúcleoCompressorProcedural\Ontology\teia_format_ontology_1b6d832c8c43.seed (2).json","0,6","2025-09-13 16:07"
"D:\iCloudDrive\1-Pessoal\Felippe Pessoal\Creator\Vídeos\Editar\TEIA\Teia\untitled folder\NúcleoCompressorProcedural\Ontology\teia_format_ontology_1b6d832c8c43.seed (3).json","0,6","2025-09-13 16:07"
"D:\iCloudDrive\1-Pessoal\Felippe Pessoal\Creator\Vídeos\Editar\TEIA\Teia\untitled folder\NúcleoCompressorProcedural\Ontology\teia_format_ontology_1b6d832c8c43.seed.json","0,6","2025-09-13 16:07"
"D:\iCloudDrive\1-Pessoal\Felippe Pessoal\Creator\Vídeos\Editar\TEIA\Teia\untitled folder\NúcleoCompressorProcedural\Ontology\teia_format_ontology_f58a3fe56681.seed (1).json","0,6","2025-09-13 15:51"
"D:\iCloudDrive\1-Pessoal\Felippe Pessoal\Creator\Vídeos\Editar\TEIA\Teia\untitled folder\NúcleoCompressorProcedural\Ontology\teia_format_ontology_f58a3fe56681.seed (2).json","0,6","2025-09-13 15:51"
"D:\iCloudDrive\1-Pessoal\Felippe Pessoal\Creator\Vídeos\Editar\TEIA\Teia\untitled folder\NúcleoCompressorProcedural\Ontology\teia_format_ontology_f58a3fe56681.seed (3).json","0,6","2025-09-13 15:51"
"D:\iCloudDrive\1-Pessoal\Felippe Pessoal\Creator\Vídeos\Editar\TEIA\Teia\untitled folder\NúcleoCompressorProcedural\Ontology\teia_format_ontology_f58a3fe56681.seed_cc9771eb8d86.seed (1).json","0,62","2025-09-13 16:07"
"D:\iCloudDrive\1-Pessoal\Felippe Pessoal\Creator\Vídeos\Editar\TEIA\Teia\untitled folder\NúcleoCompressorProcedural\Ontology\teia_format_ontology_f58a3fe56681.seed_cc9771eb8d86.seed (3).json","0,62","2025-09-13 16:07"
"D:\iCloudDrive\1-Pessoal\Felippe Pessoal\Creator\Vídeos\Editar\TEIA\Teia\untitled folder\NúcleoCompressorProcedural\Ontology\TEIA-OntoEngine-Restore (1).ps1","2,52","2025-09-12 18:39"
"D:\iCloudDrive\1-Pessoal\Felippe Pessoal\Creator\Vídeos\Editar\TEIA\Teia\untitled folder\NúcleoCompressorProcedural\Ontology\TEIA-OntoEngine-Restore (2).ps1","2,52","2025-09-12 18:39"
"D:\iCloudDrive\1-Pessoal\Felippe Pessoal\Creator\Vídeos\Editar\TEIA\Teia\untitled folder\NúcleoCompressorProcedural\Ontology\TEIA-OntoEngine-Restore__dedup_E6B56262 (2).ps1","2,52","2025-09-17 17:03"
"D:\iCloudDrive\1-Pessoal\Felippe Pessoal\Creator\Vídeos\Editar\TEIA\Teia\untitled folder\NúcleoCompressorProcedural\Ontology\TEIA-OntoEngine-Restore__dedup_E6B56262.ps1","2,52","2025-09-17 17:03"
"D:\iCloudDrive\1-Pessoal\Felippe Pessoal\Creator\Vídeos\Editar\TEIA\Teia\untitled folder\NúcleoCompressorProcedural\Ontology\TEIA-OntoEngine-Restore_e6b5626227b0.seed (1).json","0,6","2025-09-13 16:07"
"D:\iCloudDrive\1-Pessoal\Felippe Pessoal\Creator\Vídeos\Editar\TEIA\Teia\untitled folder\NúcleoCompressorProcedural\Ontology\TEIA-OntoEngine-Restore_e6b5626227b0.seed (2).json","0,6","2025-09-13 16:07"
"D:\iCloudDrive\1-Pessoal\Felippe Pessoal\Creator\Vídeos\Editar\TEIA\Teia\untitled folder\NúcleoCompressorProcedural\Ontology\TEIA-OntoEngine-Restore_e6b5626227b0.seed (3).json","0,6","2025-09-13 16:07"
"D:\iCloudDrive\1-Pessoal\Felippe Pessoal\Creator\Vídeos\Editar\TEIA\Teia\untitled folder\NúcleoCompressorProcedural\Ontology\TEIA-OntoEngine-Restore_e6b5626227b0.seed_42019f39afb7.seed (1).json","0,62","2025-09-13 16:07"
"D:\iCloudDrive\1-Pessoal\Felippe Pessoal\Creator\Vídeos\Editar\TEIA\Teia\untitled folder\NúcleoCompressorProcedural\Ontology\TEIA-OntoEngine-Restore_e6b5626227b0.seed_42019f39afb7.seed (2).json","0,62","2025-09-13 16:07"
"D:\iCloudDrive\1-Pessoal\Felippe Pessoal\Creator\Vídeos\Editar\TEIA\Teia\untitled folder\NúcleoCompressorProcedural\Ontology\TEIA-OntoEngine-Restore_e6b5626227b0.seed_42019f39afb7.seed (3).json","0,62","2025-09-13 16:07"
"D:\iCloudDrive\1-Pessoal\Felippe Pessoal\Creator\Vídeos\Editar\TEIA\Teia\untitled folder\NúcleoCompressorProcedural\Ontology\TEIA-OntoEngine-Restore_e6b5626227b0.seed_cc74bc3922c4.seed (1).json","0,62","2025-09-13 15:51"
"D:\iCloudDrive\1-Pessoal\Felippe Pessoal\Creator\Vídeos\Editar\TEIA\Teia\untitled folder\NúcleoCompressorProcedural\Ontology\TEIA-OntoEngine-Restore_e6b5626227b0.seed_cc74bc3922c4.seed (2).json","0,62","2025-09-13 15:51"
"D:\iCloudDrive\1-Pessoal\Felippe Pessoal\Creator\Vídeos\Editar\TEIA\Teia\untitled folder\NúcleoCompressorProcedural\Ontology\TEIA-OntoEngine-Restore_e6b5626227b0.seed_cc74bc3922c4.seed_0c9eb3e4673d.seed (1).json","0,64","2025-09-13 16:07"
"D:\iCloudDrive\1-Pessoal\Felippe Pessoal\Creator\Vídeos\Editar\TEIA\Teia\untitled folder\NúcleoCompressorProcedural\Ontology\TEIA-OntoEngine-Restore_e6b5626227b0.seed_cc74bc3922c4.seed_0c9eb3e4673d.seed (2).json","0,64","2025-09-13 16:07"
"D:\iCloudDrive\1-Pessoal\Felippe Pessoal\Creator\Vídeos\Editar\TEIA\Teia\untitled folder\NúcleoCompressorProcedural\Ontology\TEIA-OntoEngine-Restore_e6b5626227b0.seed_cc74bc3922c4.seed_0c9eb3e4673d.seed (3).json","0,64","2025-09-13 16:07"
"D:\iCloudDrive\1-Pessoal\Felippe Pessoal\Creator\Vídeos\Editar\TEIA\Teia\untitled folder\NúcleoCompressorProcedural\Ontology\TEIA-OntoEngine-Restore_e6b5626227b0.seed_cc74bc3922c4.seed.json","0,62","2025-09-13 15:51"
"D:\iCloudDrive\1-Pessoal\Felippe Pessoal\Creator\Vídeos\Editar\TEIA\Teia\untitled folder\NúcleoCompressorProcedural\Ontology\TEIA-OntoEngine-Restore_e6b5626227b0.seed.json","0,6","2025-09-13 16:07"
"D:\iCloudDrive\1-Pessoal\Felippe Pessoal\Creator\Vídeos\Editar\TEIA\Teia\untitled folder\NúcleoCompressorProcedural\Ontology\TEIA-OntoEngine-Restore.ps1","2,52","2025-09-12 18:39"
"D:\iCloudDrive\1-Pessoal\Felippe Pessoal\Creator\Vídeos\Editar\TEIA\Teia\untitled folder\NúcleoCompressorProcedural\Ontology\TEIA-OntoSeed-Gen (1).ps1","4,86","2025-09-12 18:39"
"D:\iCloudDrive\1-Pessoal\Felippe Pessoal\Creator\Vídeos\Editar\TEIA\Teia\untitled folder\NúcleoCompressorProcedural\Ontology\TEIA-OntoSeed-Gen__dedup_754C2E83 (1).ps1","4,86","2025-09-17 17:03"
"D:\iCloudDrive\1-Pessoal\Felippe Pessoal\Creator\Vídeos\Editar\TEIA\Teia\untitled folder\NúcleoCompressorProcedural\Ontology\TEIA-OntoSeed-Gen__dedup_754C2E83 (2).ps1","4,86","2025-09-17 17:03"
"D:\iCloudDrive\1-Pessoal\Felippe Pessoal\Creator\Vídeos\Editar\TEIA\Teia\untitled folder\NúcleoCompressorProcedural\Ontology\TEIA-OntoSeed-Gen__dedup_754C2E83 (3).ps1","4,86","2025-09-17 17:03"
"D:\iCloudDrive\1-Pessoal\Felippe Pessoal\Creator\Vídeos\Editar\TEIA\Teia\untitled folder\NúcleoCompressorProcedural\Ontology\TEIA-OntoSeed-Gen__dedup_754C2E83.ps1","4,86","2025-09-17 17:03"
"D:\iCloudDrive\1-Pessoal\Felippe Pessoal\Creator\Vídeos\Editar\TEIA\Teia\untitled folder\NúcleoCompressorProcedural\Ontology\TEIA-OntoSeed-Gen_754c2e83b60d.seed (1).json","0,59","2025-09-13 16:07"
"D:\iCloudDrive\1-Pessoal\Felippe Pessoal\Creator\Vídeos\Editar\TEIA\Teia\untitled folder\NúcleoCompressorProcedural\Ontology\TEIA-OntoSeed-Gen_754c2e83b60d.seed (2).json","0,59","2025-09-13 16:07"
"D:\iCloudDrive\1-Pessoal\Felippe Pessoal\Creator\Vídeos\Editar\TEIA\Teia\untitled folder\NúcleoCompressorProcedural\Ontology\TEIA-OntoSeed-Gen_754c2e83b60d.seed (3).json","0,59","2025-09-13 16:07"
"D:\iCloudDrive\1-Pessoal\Felippe Pessoal\Creator\Vídeos\Editar\TEIA\Teia\untitled folder\NúcleoCompressorProcedural\Ontology\TEIA-OntoSeed-Gen_754c2e83b60d.seed_614a77a8e5b5.seed (1).json","0,62","2025-09-13 15:51"
"D:\iCloudDrive\1-Pessoal\Felippe Pessoal\Creator\Vídeos\Editar\TEIA\Teia\untitled folder\NúcleoCompressorProcedural\Ontology\TEIA-OntoSeed-Gen_754c2e83b60d.seed_614a77a8e5b5.seed (2).json","0,62","2025-09-13 15:51"
"D:\iCloudDrive\1-Pessoal\Felippe Pessoal\Creator\Vídeos\Editar\TEIA\Teia\untitled folder\NúcleoCompressorProcedural\Ontology\TEIA-OntoSeed-Gen_754c2e83b60d.seed_614a77a8e5b5.seed (3).json","0,62","2025-09-13 15:51"
"D:\iCloudDrive\1-Pessoal\Felippe Pessoal\Creator\Vídeos\Editar\TEIA\Teia\untitled folder\NúcleoCompressorProcedural\Ontology\TEIA-OntoSeed-Gen_754c2e83b60d.seed_614a77a8e5b5.seed_d295a489976e.seed (1).json","0,63","2025-09-13 16:07"
"D:\iCloudDrive\1-Pessoal\Felippe Pessoal\Creator\Vídeos\Editar\TEIA\Teia\untitled folder\NúcleoCompressorProcedural\Ontology\TEIA-OntoSeed-Gen_754c2e83b60d.seed_614a77a8e5b5.seed_d295a489976e.seed (2).json","0,63","2025-09-13 16:07"
"D:\iCloudDrive\1-Pessoal\Felippe Pessoal\Creator\Vídeos\Editar\TEIA\Teia\untitled folder\NúcleoCompressorProcedural\Ontology\TEIA-OntoSeed-Gen_754c2e83b60d.seed_614a77a8e5b5.seed_d295a489976e.seed (3).json","0,63","2025-09-13 16:07"
"D:\iCloudDrive\1-Pessoal\Felippe Pessoal\Creator\Vídeos\Editar\TEIA\Teia\untitled folder\NúcleoCompressorProcedural\Ontology\TEIA-OntoSeed-Gen_754c2e83b60d.seed_614a77a8e5b5.seed_d295a489976e.seed.json","0,63","2025-09-13 16:07"
"D:\iCloudDrive\1-Pessoal\Felippe Pessoal\Creator\Vídeos\Editar\TEIA\Teia\untitled folder\NúcleoCompressorProcedural\Ontology\TEIA-OntoSeed-Gen_754c2e83b60d.seed_614a77a8e5b5.seed.json","0,62","2025-09-13 15:51"
"D:\iCloudDrive\1-Pessoal\Felippe Pessoal\Creator\Vídeos\Editar\TEIA\Teia\untitled folder\NúcleoCompressorProcedural\Ontology\TEIA-OntoSeed-Gen_754c2e83b60d.seed_6afba612ea1f.seed (1).json","0,62","2025-09-13 16:07"
"D:\iCloudDrive\1-Pessoal\Felippe Pessoal\Creator\Vídeos\Editar\TEIA\Teia\untitled folder\NúcleoCompressorProcedural\Ontology\TEIA-OntoSeed-Gen_754c2e83b60d.seed_6afba612ea1f.seed (2).json","0,62","2025-09-13 16:07"
"D:\iCloudDrive\1-Pessoal\Felippe Pessoal\Creator\Vídeos\Editar\TEIA\Teia\untitled folder\NúcleoCompressorProcedural\Ontology\TEIA-OntoSeed-Gen_754c2e83b60d.seed_6afba612ea1f.seed (3).json","0,62","2025-09-13 16:07"
"D:\iCloudDrive\1-Pessoal\Felippe Pessoal\Creator\Vídeos\Editar\TEIA\Teia\untitled folder\NúcleoCompressorProcedural\Ontology\TEIA-OntoSeed-Gen_754c2e83b60d.seed_6afba612ea1f.seed.json","0,62","2025-09-13 16:07"
"D:\iCloudDrive\1-Pessoal\Felippe Pessoal\Creator\Vídeos\Editar\TEIA\Teia\untitled folder\NúcleoCompressorProcedural\Ontology\TEIA-OntoSeed-Gen_754c2e83b60d.seed.json","0,59","2025-09-13 16:07"
"D:\iCloudDrive\1-Pessoal\Felippe Pessoal\Creator\Vídeos\Editar\TEIA\Teia\untitled folder\NúcleoCompressorProcedural\Ontology\TEIA-OntoSeed-Gen.LowRAM (1).ps1","4,17","2025-09-13 15:47"
"D:\iCloudDrive\1-Pessoal\Felippe Pessoal\Creator\Vídeos\Editar\TEIA\Teia\untitled folder\NúcleoCompressorProcedural\Ontology\TEIA-OntoSeed-Gen.LowRAM (2).ps1","4,17","2025-09-13 15:47"
"D:\iCloudDrive\1-Pessoal\Felippe Pessoal\Creator\Vídeos\Editar\TEIA\Teia\untitled folder\NúcleoCompressorProcedural\Ontology\TEIA-OntoSeed-Gen.LowRAM__dedup_E6882716 (1).ps1","4,17","2025-09-17 17:03"
"D:\iCloudDrive\1-Pessoal\Felippe Pessoal\Creator\Vídeos\Editar\TEIA\Teia\untitled folder\NúcleoCompressorProcedural\Ontology\TEIA-OntoSeed-Gen.LowRAM__dedup_E6882716 (2).ps1","4,17","2025-09-17 17:03"
"D:\iCloudDrive\1-Pessoal\Felippe Pessoal\Creator\Vídeos\Editar\TEIA\Teia\untitled folder\NúcleoCompressorProcedural\Ontology\TEIA-OntoSeed-Gen.LowRAM__dedup_E6882716 (3).ps1","4,17","2025-09-17 17:03"
"D:\iCloudDrive\1-Pessoal\Felippe Pessoal\Creator\Vídeos\Editar\TEIA\Teia\untitled folder\NúcleoCompressorProcedural\Ontology\TEIA-OntoSeed-Gen.LowRAM__dedup_E6882716.ps1","4,17","2025-09-17 17:03"
"D:\iCloudDrive\1-Pessoal\Felippe Pessoal\Creator\Vídeos\Editar\TEIA\Teia\untitled folder\NúcleoCompressorProcedural\Ontology\TEIA-OntoSeed-Gen.LowRAM_e68827162455.seed (1).json","0,6","2025-09-13 16:07"
"D:\iCloudDrive\1-Pessoal\Felippe Pessoal\Creator\Vídeos\Editar\TEIA\Teia\untitled folder\NúcleoCompressorProcedural\Ontology\TEIA-OntoSeed-Gen.LowRAM_e68827162455.seed (2).json","0,6","2025-09-13 16:07"
"D:\iCloudDrive\1-Pessoal\Felippe Pessoal\Creator\Vídeos\Editar\TEIA\Teia\untitled folder\NúcleoCompressorProcedural\Ontology\TEIA-OntoSeed-Gen.LowRAM_e68827162455.seed (3).json","0,6","2025-09-13 16:07"
"D:\iCloudDrive\1-Pessoal\Felippe Pessoal\Creator\Vídeos\Editar\TEIA\Teia\untitled folder\NúcleoCompressorProcedural\Ontology\TEIA-OntoSeed-Gen.LowRAM_e68827162455.seed_09932f925941.seed (1).json","0,62","2025-09-13 16:07"
"D:\iCloudDrive\1-Pessoal\Felippe Pessoal\Creator\Vídeos\Editar\TEIA\Teia\untitled folder\NúcleoCompressorProcedural\Ontology\TEIA-OntoSeed-Gen.LowRAM_e68827162455.seed_09932f925941.seed (2).json","0,62","2025-09-13 16:07"
"D:\iCloudDrive\1-Pessoal\Felippe Pessoal\Creator\Vídeos\Editar\TEIA\Teia\untitled folder\NúcleoCompressorProcedural\Ontology\TEIA-OntoSeed-Gen.LowRAM_e68827162455.seed_09932f925941.seed (3).json","0,62","2025-09-13 16:07"
"D:\iCloudDrive\1-Pessoal\Felippe Pessoal\Creator\Vídeos\Editar\TEIA\Teia\untitled folder\NúcleoCompressorProcedural\Ontology\TEIA-OntoSeed-Gen.LowRAM_e68827162455.seed_09932f925941.seed.json","0,62","2025-09-13 16:07"
"D:\iCloudDrive\1-Pessoal\Felippe Pessoal\Creator\Vídeos\Editar\TEIA\Teia\untitled folder\NúcleoCompressorProcedural\Ontology\TEIA-OntoSeed-Gen.LowRAM_e68827162455.seed.json","0,6","2025-09-13 16:07"
"D:\iCloudDrive\1-Pessoal\Felippe Pessoal\Creator\Vídeos\Editar\TEIA\Teia\untitled folder\NúcleoCompressorProcedural\Ontology\TEIA-OntoSeed-Gen.LowRAM.ps1","4,17","2025-09-13 15:47"
"D:\iCloudDrive\1-Pessoal\Felippe Pessoal\Creator\Vídeos\Editar\TEIA\Teia\untitled folder\NúcleoCompressorProcedural\Ontology\TEIA-OntoSeed-Gen.ps1","4,86","2025-09-12 18:39"
"D:\iCloudDrive\1-Pessoal\Felippe Pessoal\Creator\Vídeos\Editar\TEIA\Teia\untitled folder\TeiaAutocontida\TEIA • Dashboard Seed-First.pdf","85,56","2025-09-15 20:32"
"D:\iCloudDrive\1-Pessoal\Felippe Pessoal\Creator\Vídeos\Editar\TEIA\Teia\untitled folder\TeiaAutocontida\BackupPyto\clib\include\clang\13.0.0\include\rdseedintrin.h","1,16","2025-09-09 16:57"
"D:\iCloudDrive\1-Pessoal\Felippe Pessoal\Creator\Vídeos\Editar\TEIA\Teia\untitled folder\TeiaAutocontida\BackupPyto\clib\include\std\AHTRestore.h","2,4","2025-09-09 16:57"
"D:\iCloudDrive\1-Pessoal\Felippe Pessoal\Creator\Vídeos\Editar\TEIA\Teia\untitled folder\TeiaAutocontida\BackupPyto\clib\include\std\c++\v1\__random\is_seed_sequence.h","0,94","2025-09-09 16:57"
"D:\iCloudDrive\1-Pessoal\Felippe Pessoal\Creator\Vídeos\Editar\TEIA\Teia\untitled folder\TeiaAutocontida\BackupPyto\clib\include\std\c++\v1\__random\seed_seq.h","4,74","2025-09-09 16:57"
"D:\iCloudDrive\1-Pessoal\Felippe Pessoal\Creator\Vídeos\Editar\TEIA\Teia\untitled folder\TeiaAutocontida\BackupPyto\clib 2\include\std\AHTRestore.h","2,4","2025-09-10 19:11"
"D:\iCloudDrive\1-Pessoal\Felippe Pessoal\Creator\Vídeos\Editar\TEIA\Teia\untitled folder\TeiaAutocontida\BackupPyto\TEIA\seed_index.json","0,19","2025-09-10 21:38"
"D:\iCloudDrive\1-Pessoal\Felippe Pessoal\Creator\Vídeos\Editar\TEIA\Teia\untitled folder\TeiaAutocontida\BackupPyto\TEIA\scripts\attempt_recover_seed_with_path.py","4,15","2025-09-10 19:36"
"D:\iCloudDrive\1-Pessoal\Felippe Pessoal\Creator\Vídeos\Editar\TEIA\Teia\untitled folder\TeiaAutocontida\BackupPyto\TEIA\scripts\attempt_recover_seed.py","5,97","2025-09-10 19:32"
"D:\iCloudDrive\1-Pessoal\Felippe Pessoal\Creator\Vídeos\Editar\TEIA\Teia\untitled folder\TeiaAutocontida\BackupPyto\TEIA\scripts\decode_seed_bin.py","0,8","2025-09-10 21:38"
"D:\iCloudDrive\1-Pessoal\Felippe Pessoal\Creator\Vídeos\Editar\TEIA\Teia\untitled folder\TeiaAutocontida\BackupPyto\TEIA\scripts\encode_seed_bin.py","1,02","2025-09-10 21:38"
"D:\iCloudDrive\1-Pessoal\Felippe Pessoal\Creator\Vídeos\Editar\TEIA\Teia\untitled folder\TeiaAutocontida\BackupPyto\TEIA\scripts\find_and_recover_seed.py","5,61","2025-09-10 19:39"
"D:\iCloudDrive\1-Pessoal\Felippe Pessoal\Creator\Vídeos\Editar\TEIA\Teia\untitled folder\TeiaAutocontida\BackupPyto\TEIA\scripts\inspect_seed.py","0,88","2025-09-10 21:38"
"D:\iCloudDrive\1-Pessoal\Felippe Pessoal\Creator\Vídeos\Editar\TEIA\Teia\untitled folder\TeiaAutocontida\BackupPyto\TEIA\scripts\restore_seed_with_dict.py","3,22","2025-09-10 21:55"
"D:\iCloudDrive\1-Pessoal\Felippe Pessoal\Creator\Vídeos\Editar\TEIA\Teia\untitled folder\TeiaAutocontida\BackupPyto\TEIA\scripts\restore_seed.py","1,66","2025-09-10 21:38"
"D:\iCloudDrive\1-Pessoal\Felippe Pessoal\Creator\Vídeos\Editar\TEIA\Teia\untitled folder\TeiaAutocontida\BackupPyto\TEIA\scripts\run_restore_check.py","0,22","2025-09-10 21:38"
"D:\iCloudDrive\1-Pessoal\Felippe Pessoal\Creator\Vídeos\Editar\TEIA\Teia\untitled folder\TeiaAutocontida\BackupPyto\TEIA\scripts\validate_seed.py","0,45","2025-09-10 21:38"
"D:\iCloudDrive\1-Pessoal\Felippe Pessoal\Creator\Vídeos\Editar\TEIA\Teia\untitled folder\TeiaAutocontida\BackupPyto\TEIA\seeds\ProvaTeiaRemota.PNG.seed.txt","3100,55","2025-09-10 21:38"
"D:\iCloudDrive\1-Pessoal\Felippe Pessoal\Creator\Vídeos\Editar\TEIA\Teia\untitled folder\TeiaAutocontida\BackupPyto\TEIA\seeds\ProvaTeiaRemota.PNG.seed.txt.sha256","0,06","2025-09-10 21:38"
"D:\iCloudDrive\1-Pessoal\Felippe Pessoal\Creator\Vídeos\Editar\TEIA\Teia\untitled folder\TeiaAutocontida\backups_for_dashboard\TEIA-Anchor-Restore-FromIndex.ps1.bak_20250916_114052","0,78","2025-09-16 12:39"
"D:\iCloudDrive\1-Pessoal\Felippe Pessoal\Creator\Vídeos\Editar\TEIA\Teia\untitled folder\TeiaAutocontida\backups_for_dashboard\TEIA-Anchor-Restore.ps1.bak_20250916_114052","2,85","2025-09-16 12:39"
"D:\iCloudDrive\1-Pessoal\Felippe Pessoal\Creator\Vídeos\Editar\TEIA\Teia\untitled folder\TeiaAutocontida\backups_for_dashboard\TEIA-Audit-Seed.v1.ps1.bak_20250916_114052","17,88","2025-09-16 12:39"
"D:\iCloudDrive\1-Pessoal\Felippe Pessoal\Creator\Vídeos\Editar\TEIA\Teia\untitled folder\TeiaAutocontida\backups_for_dashboard\TEIA-Dashboard-SeedFirst.delta.ps1.bak_20250916_114053","15,32","2025-09-16 12:39"
"D:\iCloudDrive\1-Pessoal\Felippe Pessoal\Creator\Vídeos\Editar\TEIA\Teia\untitled folder\TeiaAutocontida\backups_for_dashboard\TEIA-Dashboard-SeedFirst.fix.ps1.bak_20250916_114053","11,97","2025-09-16 12:39"
"D:\iCloudDrive\1-Pessoal\Felippe Pessoal\Creator\Vídeos\Editar\TEIA\Teia\untitled folder\TeiaAutocontida\backups_for_dashboard\TEIA-Dashboard-SeedFirst.ps1.bak_20250916_114053","5,06","2025-09-16 12:39"
"D:\iCloudDrive\1-Pessoal\Felippe Pessoal\Creator\Vídeos\Editar\TEIA\Teia\untitled folder\TeiaAutocontida\backups_for_dashboard\TEIA-Dashboard-SeedFirst.v6.1.ps1.bak_20250916_114053","10,63","2025-09-16 12:39"
"D:\iCloudDrive\1-Pessoal\Felippe Pessoal\Creator\Vídeos\Editar\TEIA\Teia\untitled folder\TeiaAutocontida\backups_for_dashboard\TEIA-Dashboard-SeedFirst.v6.ps1.bak_20250916_114053","11,2","2025-09-16 12:39"
"D:\iCloudDrive\1-Pessoal\Felippe Pessoal\Creator\Vídeos\Editar\TEIA\Teia\untitled folder\TeiaAutocontida\backups_for_dashboard\TEIA-Fractal-DeltaRestore-v2.ps1.bak_20250916_114055","4,56","2025-09-16 12:39"
"D:\iCloudDrive\1-Pessoal\Felippe Pessoal\Creator\Vídeos\Editar\TEIA\Teia\untitled folder\TeiaAutocontida\backups_for_dashboard\TEIA-Fractal-DeltaRestore.ps1.bak_20250916_114055","4,44","2025-09-16 12:39"
"D:\iCloudDrive\1-Pessoal\Felippe Pessoal\Creator\Vídeos\Editar\TEIA\Teia\untitled folder\TeiaAutocontida\backups_for_dashboard\TEIA-Fractal-Restore-OnDemand.compat.ps1.bak_20250916_114057","1,33","2025-09-16 12:39"
"D:\iCloudDrive\1-Pessoal\Felippe Pessoal\Creator\Vídeos\Editar\TEIA\Teia\untitled folder\TeiaAutocontida\backups_for_dashboard\TEIA-Fractal-Restore-OnDemand.ps1.bak_20250916_114057","7,6","2025-09-16 12:39"
"D:\iCloudDrive\1-Pessoal\Felippe Pessoal\Creator\Vídeos\Editar\TEIA\Teia\untitled folder\TeiaAutocontida\backups_for_dashboard\TEIA-Fractal-RestoreAndPatch-v1_7j.ps1.bak_20250916_114057","7,16","2025-09-16 12:39"
"D:\iCloudDrive\1-Pessoal\Felippe Pessoal\Creator\Vídeos\Editar\TEIA\Teia\untitled folder\TeiaAutocontida\backups_for_dashboard\TEIA-Fractal-RestoreOnDemand.ps1.bak_20250916_114057","3,42","2025-09-16 12:39"
"D:\iCloudDrive\1-Pessoal\Felippe Pessoal\Creator\Vídeos\Editar\TEIA\Teia\untitled folder\TeiaAutocontida\backups_for_dashboard\TEIA-Restore-ByHash.Demo.ps1.bak_20250916_114058","3,05","2025-09-16 12:39"
"D:\iCloudDrive\1-Pessoal\Felippe Pessoal\Creator\Vídeos\Editar\TEIA\Teia\untitled folder\TeiaAutocontida\backups_for_dashboard\teia-restore.ps1.bak_20250916_114058","0,31","2025-09-16 12:39"
"D:\iCloudDrive\1-Pessoal\Felippe Pessoal\Creator\Vídeos\Editar\TEIA\Teia\untitled folder\TeiaAutocontida\backups_for_dashboard\TEIA-Seed-Batch.LowRAM.ps1.bak_20250916_114058","1,61","2025-09-16 12:39"
"D:\iCloudDrive\1-Pessoal\Felippe Pessoal\Creator\Vídeos\Editar\TEIA\Teia\untitled folder\TeiaAutocontida\backups_for_dashboard\TEIA-Seed-Batch.ps1.bak_20250916_114058","2,39","2025-09-16 12:39"
"D:\iCloudDrive\1-Pessoal\Felippe Pessoal\Creator\Vídeos\Editar\TEIA\Teia\untitled folder\TeiaAutocontida\backups_for_dashboard\TEIA-Seed-Catalog.ps1.bak_20250916_114058","1,43","2025-09-16 12:39"
"D:\iCloudDrive\1-Pessoal\Felippe Pessoal\Creator\Vídeos\Editar\TEIA\Teia\untitled folder\TeiaAutocontida\backups_for_dashboard\TEIA-Seed-DryRun.ps1.bak_20250916_114059","2,47","2025-09-16 12:39"
"D:\iCloudDrive\1-Pessoal\Felippe Pessoal\Creator\Vídeos\Editar\TEIA\Teia\untitled folder\TeiaAutocontida\backups_for_dashboard\TEIA-Seed-Evict-Plan.ps1.bak_20250916_114059","0,62","2025-09-16 12:39"
"D:\iCloudDrive\1-Pessoal\Felippe Pessoal\Creator\Vídeos\Editar\TEIA\Teia\untitled folder\TeiaAutocontida\backups_for_dashboard\TEIA-Seed-Gen-AnchorOnly.ps1.bak_20250916_114059","1,88","2025-09-16 12:39"
"D:\iCloudDrive\1-Pessoal\Felippe Pessoal\Creator\Vídeos\Editar\TEIA\Teia\untitled folder\TeiaAutocontida\backups_for_dashboard\TEIA-Seed-Gen.ps1.bak_20250916_114059","1,62","2025-09-16 12:39"
"D:\iCloudDrive\1-Pessoal\Felippe Pessoal\Creator\Vídeos\Editar\TEIA\Teia\untitled folder\TeiaAutocontida\backups_for_dashboard\teia-seed.ps1.bak_20250916_114059","0,46","2025-09-16 12:39"
"D:\iCloudDrive\1-Pessoal\Felippe Pessoal\Creator\Vídeos\Editar\TEIA\Teia\untitled folder\TeiaAutocontida\backups_for_dashboard\TEIA-SeedFirst-Benchmark.v2.ps1.bak_20250916_114059","9,72","2025-09-16 12:39"
"D:\iCloudDrive\1-Pessoal\Felippe Pessoal\Creator\Vídeos\Editar\TEIA\Teia\untitled folder\TeiaAutocontida\backups_for_dashboard\TEIA-SeedFirst-Benchmark.v3.ps1.bak_20250916_114059","9,8","2025-09-16 12:39"
"D:\iCloudDrive\1-Pessoal\Felippe Pessoal\Creator\Vídeos\Editar\TEIA\Teia\untitled folder\TeiaAutocontida\backups_for_dashboard\TEIA-SeedVM.ps1.bak_20250916_114059","2,83","2025-09-16 12:39"
"D:\iCloudDrive\1-Pessoal\Felippe Pessoal\Creator\Vídeos\Editar\TEIA\Teia\untitled folder\TeiaAutocontida\backups_for_dashboard\TEIA-Supra-Seed.ps1.bak_20250916_114059","10,21","2025-09-16 12:39"
"D:\iCloudDrive\1-Pessoal\Felippe Pessoal\Creator\Vídeos\Editar\TEIA\Teia\untitled folder\TeiaAutocontida\backups_for_dashboard\TEIA-Universal-Restore.ps1.bak_20250916_114059","0,35","2025-09-16 12:39"
"D:\iCloudDrive\1-Pessoal\Felippe Pessoal\Creator\Vídeos\Editar\TEIA\Teia\untitled folder\TeiaAutocontida\backups_for_dashboard\TEIA-Universal-Seeds.ps1.bak_20250916_114059","0,34","2025-09-16 12:39"
"D:\iCloudDrive\1-Pessoal\Felippe Pessoal\Creator\Vídeos\Editar\TEIA\Teia\untitled folder\TeiaAutocontida\Documents 2\seeds\seed_ProvaTeiaRemota.PNG_2025-09-07T03-28-17.txt","3131,79","2025-09-07 03:28"
"D:\iCloudDrive\1-Pessoal\Felippe Pessoal\Creator\Vídeos\Editar\TEIA\Teia\untitled folder\TeiaAutocontida\Documents 2\seeds\seed_ProvaTeiaRemota.PNG_2025-09-07T15-55-33.txt","3131,79","2025-09-07 15:55"
"D:\iCloudDrive\1-Pessoal\Felippe Pessoal\Creator\Vídeos\Editar\TEIA\Teia\untitled folder\TeiaAutocontida\Documents 2\seeds\seed_teia_2025-09-07T00-49-21.txt","0,37","2025-09-07 00:49"
"D:\iCloudDrive\1-Pessoal\Felippe Pessoal\Creator\Vídeos\Editar\TEIA\Teia\untitled folder\TeiaAutocontida\Documents 2\teia_procedural\auditoria_teia_seed.py.py","1,83","2025-09-07 04:20"
"D:\iCloudDrive\1-Pessoal\Felippe Pessoal\Creator\Vídeos\Editar\TEIA\Teia\untitled folder\TeiaAutocontida\Documents 2\teia_procedural\compactador_seed_teia.py.py","1,06","2025-09-07 00:46"
"D:\iCloudDrive\1-Pessoal\Felippe Pessoal\Creator\Vídeos\Editar\TEIA\Teia\untitled folder\TeiaAutocontida\Documents 2\teia_procedural\restaurador_seed_teia.py.py","1,03","2025-09-07 00:51"
"D:\iCloudDrive\1-Pessoal\Felippe Pessoal\Creator\Vídeos\Editar\TEIA\Teia\untitled folder\TeiaAutocontida\Documents 3\seeds\seed_ProvaTeiaRemota.PNG_2025-09-07T03-28-17.txt","3131,79","2025-09-07 03:28"
"D:\iCloudDrive\1-Pessoal\Felippe Pessoal\Creator\Vídeos\Editar\TEIA\Teia\untitled folder\TeiaAutocontida\Documents 3\seeds\seed_ProvaTeiaRemota.PNG_2025-09-07T15-55-33.txt","3131,79","2025-09-07 15:55"
"D:\iCloudDrive\1-Pessoal\Felippe Pessoal\Creator\Vídeos\Editar\TEIA\Teia\untitled folder\TeiaAutocontida\Documents 3\seeds\seed_teia_2025-09-07T00-49-21.txt","0,37","2025-09-07 00:49"
"D:\iCloudDrive\1-Pessoal\Felippe Pessoal\Creator\Vídeos\Editar\TEIA\Teia\untitled folder\TeiaAutocontida\Documents 3\teia_procedural\auditoria_teia_seed.py.py","1,83","2025-09-07 04:20"
"D:\iCloudDrive\1-Pessoal\Felippe Pessoal\Creator\Vídeos\Editar\TEIA\Teia\untitled folder\TeiaAutocontida\Documents 3\teia_procedural\compactador_seed_teia.py.py","1,06","2025-09-07 00:46"
"D:\iCloudDrive\1-Pessoal\Felippe Pessoal\Creator\Vídeos\Editar\TEIA\Teia\untitled folder\TeiaAutocontida\Documents 3\teia_procedural\restaurador_seed_teia.py.py","1,03","2025-09-07 00:51"
"D:\iCloudDrive\1-Pessoal\Felippe Pessoal\Creator\Vídeos\Editar\TEIA\Teia\untitled folder\TeiaAutocontida\NovaMaterializaçãoParaProcedural\TEIA-Universal-Restore.ps1","0,35","2025-09-13 11:15"
"D:\iCloudDrive\1-Pessoal\Felippe Pessoal\Creator\Vídeos\Editar\TEIA\Teia\untitled folder\TeiaAutocontida\NovaMaterializaçãoParaProcedural\TEIA-Universal-Seeds.ps1","0,34","2025-09-13 11:15"
"D:\iCloudDrive\ChatGPT_Markdown\2141 - Otimização AION-RISPANDC.md","8,44","2026-03-25 19:32"
"D:\iCloudDrive\ChatGPT_Markdown\2232 - Auditoria TEIA  AION-RISPA.md","591,67","2026-03-25 19:32"
"D:\iCloudDrive\ChatGPT_Markdown\2376 - Diagnóstico falha geração seed.md","59,36","2026-03-25 19:32"
"D:\iCloudDrive\ChatGPT_Markdown\2377 - Ramificação · Diagnóstico falha geração seed.md","146,58","2026-03-25 19:32"
"D:\Microsoft VS Code\8b640eef5a\resources\app\node_modules\@vscode\codicons\src\icons\chrome-restore.svg","0,56","2026-05-05 18:43"
"D:\TEIA OS\seed_teia_chroma_tio.py","0,58","2025-12-08 19:00"
"D:\TEIA OS\teia_restore.html","48,87","2025-12-12 21:30"
"D:\TEIA OS\visualizar_restore.py","4,55","2025-12-12 21:28"
"D:\TEIA OS\.venv\Lib\site-packages\modelscope\models\multi_modal\image_to_video\utils\seed.py","0,27","2025-12-17 08:43"
"D:\TEIA OS\.venv\Lib\site-packages\modelscope\models\multi_modal\image_to_video\utils\__pycache__\seed.cpython-311.pyc","0,81","2025-12-17 08:44"
"D:\TEIA OS\.venv\Lib\site-packages\modelscope\models\multi_modal\video_to_video\utils\seed.py","0,27","2025-12-17 08:43"
"D:\TEIA OS\.venv\Lib\site-packages\modelscope\models\multi_modal\video_to_video\utils\__pycache__\seed.cpython-311.pyc","0,81","2025-12-17 08:44"
"D:\TEIA OS\.venv\Lib\site-packages\numpy\random\tests\test_seed_sequence.py","3,31","2025-12-17 08:43"
"D:\TEIA OS\.venv\Lib\site-packages\numpy\random\tests\__pycache__\test_seed_sequence.cpython-311.pyc","3,77","2025-12-17 08:43"
"D:\TEIA OS\.venv\Lib\site-packages\paddle\include\paddle\phi\kernels\impl\seed_kernel_impl.h","1,83","2025-12-17 08:44"
"D:\TEIA OS\.venv\Lib\site-packages\torch\include\torch\csrc\jit\passes\restore_mutation.h","1,82","2025-12-06 20:46"
"D:\TEIA OS\.venv\Lib\site-packages\transformers\models\seed_oss\configuration_seed_oss.py","11,82","2025-12-06 20:48"
"D:\TEIA OS\.venv\Lib\site-packages\transformers\models\seed_oss\modeling_seed_oss.py","21,5","2025-12-06 20:48"
"D:\TEIA OS\.venv\Lib\site-packages\transformers\models\seed_oss\modular_seed_oss.py","7,51","2025-12-06 20:48"
"D:\TEIA OS\.venv\Lib\site-packages\transformers\models\seed_oss\__pycache__\configuration_seed_oss.cpython-311.pyc","11,03","2025-12-06 20:48"
"D:\TEIA OS\.venv\Lib\site-packages\transformers\models\seed_oss\__pycache__\modeling_seed_oss.cpython-311.pyc","27,92","2025-12-06 20:48"
"D:\TEIA OS\.venv\Lib\site-packages\transformers\models\seed_oss\__pycache__\modular_seed_oss.cpython-311.pyc","10,6","2025-12-06 20:48"
"D:\TEIA OS\.venv_teia_rag\Lib\site-packages\numpy\random\tests\test_seed_sequence.py","3,31","2025-12-08 18:24"
"D:\TEIA OS\.venv_teia_rag\Lib\site-packages\numpy\random\tests\__pycache__\test_seed_sequence.cpython-311.pyc","3,78","2025-12-08 18:25"
"D:\TEIA OS\.venv_teia_rag\Lib\site-packages\torch\include\torch\csrc\jit\passes\restore_mutation.h","1,82","2025-12-08 18:25"
"D:\TEIA OS\.venv_teia_v8\lib\python3.12\site-packages\numpy\random\tests\test_seed_sequence.py","3,23","2025-12-08 08:52"
"D:\TEIA OS\.venv_teia_v8\lib\python3.12\site-packages\numpy\random\tests\__pycache__\test_seed_sequence.cpython-312.pyc","3,39","2025-12-08 08:52"
"D:\TEIA OS\.venv_teia_v8\lib\python3.12\site-packages\torch\include\torch\csrc\jit\passes\restore_mutation.h","1,76","2025-12-08 08:57"
"D:\TEIA OS\.venv_teia_v8\lib\python3.12\site-packages\transformers\models\seed_oss\configuration_seed_oss.py","11,82","2025-12-08 09:01"
"D:\TEIA OS\.venv_teia_v8\lib\python3.12\site-packages\transformers\models\seed_oss\modeling_seed_oss.py","21,5","2025-12-08 09:01"
"D:\TEIA OS\.venv_teia_v8\lib\python3.12\site-packages\transformers\models\seed_oss\modular_seed_oss.py","7,51","2025-12-08 09:01"
"D:\TEIA OS\.venv_teia_v8\lib\python3.12\site-packages\transformers\models\seed_oss\__pycache__\configuration_seed_oss.cpython-312.pyc","10,82","2025-12-08 09:02"
"D:\TEIA OS\.venv_teia_v8\lib\python3.12\site-packages\transformers\models\seed_oss\__pycache__\modeling_seed_oss.cpython-312.pyc","26,39","2025-12-08 09:02"
"D:\TEIA OS\.venv_teia_v8\lib\python3.12\site-packages\transformers\models\seed_oss\__pycache__\modular_seed_oss.cpython-312.pyc","10,07","2025-12-08 09:02"
"D:\TEIA OS\ChatGPT_2438\Auditoria TEIA - AION-RISPA_7979fd631f21.json","2046,02","2025-12-08 16:04"
"D:\TEIA OS\ChatGPT_2438\Diagnóstico falha geração seed_05e822bf8659.json","243,42","2025-12-08 16:04"
"D:\TEIA OS\ChatGPT_2438\Otimização AION-RISPA-NDC_c53d86fe94a8.json","23,26","2025-12-08 16:04"
"D:\TEIA OS\ChatGPT_2438\Ramificação · Diagnóstico falha geração seed_cb5a4eb1db5c.json","415,79","2025-12-08 16:04"
"D:\TEIA OS\Cortex_Visual\site-packages\numpy\random\tests\test_seed_sequence.py","3,31","2025-11-30 09:10"
"D:\TEIA OS\english_bank\seed_grammar_ilsc_intermediate3.txt","48,11","2026-01-16 16:12"
"D:\TEIA OS\google-cloud-sdk\lib\googlecloudsdk\api_lib\backupdr\restore_util.py","14,12","2026-02-26 22:32"
"D:\TEIA OS\google-cloud-sdk\lib\googlecloudsdk\api_lib\backupdr\__pycache__\restore_util.cpython-313.pyc","14,88","2026-02-26 22:33"
"D:\TEIA OS\google-cloud-sdk\lib\googlecloudsdk\command_lib\emulators\firestore_util.py","3,48","2026-02-26 22:32"
"D:\TEIA OS\google-cloud-sdk\lib\googlecloudsdk\command_lib\emulators\__pycache__\firestore_util.cpython-313.pyc","5,39","2026-02-26 22:33"
"D:\TEIA OS\google-cloud-sdk\lib\googlecloudsdk\command_lib\storage\tasks\buckets\restore_bucket_task.py","1,62","2026-02-26 22:32"
"D:\TEIA OS\google-cloud-sdk\lib\googlecloudsdk\command_lib\storage\tasks\buckets\__pycache__\restore_bucket_task.cpython-313.pyc","2,2","2026-02-26 22:33"
"D:\TEIA OS\google-cloud-sdk\lib\googlecloudsdk\command_lib\storage\tasks\objects\bulk_restore_objects_task.py","4,09","2026-02-26 22:32"
"D:\TEIA OS\google-cloud-sdk\lib\googlecloudsdk\command_lib\storage\tasks\objects\restore_object_task.py","2,2","2026-02-26 22:32"
"D:\TEIA OS\google-cloud-sdk\lib\googlecloudsdk\command_lib\storage\tasks\objects\__pycache__\bulk_restore_objects_task.cpython-313.pyc","4,73","2026-02-26 22:33"
"D:\TEIA OS\google-cloud-sdk\lib\googlecloudsdk\command_lib\storage\tasks\objects\__pycache__\restore_object_task.cpython-313.pyc","2,75","2026-02-26 22:33"
"D:\TEIA OS\google-cloud-sdk\lib\googlecloudsdk\generated_clients\apis\firestore\v1\firestore_v1_client.py","72,81","2026-02-26 22:32"
"D:\TEIA OS\google-cloud-sdk\lib\googlecloudsdk\generated_clients\apis\firestore\v1\firestore_v1_messages.py","211,35","2026-02-26 22:32"
"D:\TEIA OS\google-cloud-sdk\lib\googlecloudsdk\generated_clients\apis\firestore\v1\__pycache__\firestore_v1_client.cpython-313.pyc","68,74","2026-02-26 22:33"
"D:\TEIA OS\google-cloud-sdk\lib\googlecloudsdk\generated_clients\apis\firestore\v1\__pycache__\firestore_v1_messages.cpython-313.pyc","261,09","2026-02-26 22:33"
"D:\TEIA OS\google-cloud-sdk\lib\googlecloudsdk\generated_clients\apis\firestore\v1beta1\firestore_v1beta1_client.py","32,06","2026-02-26 22:32"
"D:\TEIA OS\google-cloud-sdk\lib\googlecloudsdk\generated_clients\apis\firestore\v1beta1\firestore_v1beta1_messages.py","134,42","2026-02-26 22:32"
"D:\TEIA OS\google-cloud-sdk\lib\googlecloudsdk\generated_clients\apis\firestore\v1beta1\__pycache__\firestore_v1beta1_client.cpython-313.pyc","30,86","2026-02-26 22:33"
"D:\TEIA OS\google-cloud-sdk\lib\googlecloudsdk\generated_clients\apis\firestore\v1beta1\__pycache__\firestore_v1beta1_messages.cpython-313.pyc","167,93","2026-02-26 22:33"
"D:\TEIA OS\google-cloud-sdk\lib\googlecloudsdk\generated_clients\apis\firestore\v1beta2\firestore_v1beta2_client.py","15,84","2026-02-26 22:32"
"D:\TEIA OS\google-cloud-sdk\lib\googlecloudsdk\generated_clients\apis\firestore\v1beta2\firestore_v1beta2_messages.py","45,63","2026-02-26 22:32"
"D:\TEIA OS\google-cloud-sdk\lib\googlecloudsdk\generated_clients\apis\firestore\v1beta2\__pycache__\firestore_v1beta2_client.cpython-313.pyc","17,05","2026-02-26 22:33"
"D:\TEIA OS\google-cloud-sdk\lib\googlecloudsdk\generated_clients\apis\firestore\v1beta2\__pycache__\firestore_v1beta2_messages.cpython-313.pyc","55,05","2026-02-26 22:33"
"D:\TEIA OS\google-cloud-sdk\lib\googlecloudsdk\schemas\gkebackup\v1\RestoreOrder.yaml","1,95","2026-02-26 22:32"
"D:\TEIA OS\google-cloud-sdk\lib\googlecloudsdk\schemas\gkebackup\v1\VolumeDataRestorePolicyOverrides.yaml","1,56","2026-02-26 22:32"
"D:\TEIA OS\google-cloud-sdk\lib\surface\active_directory\domains\restore.yaml","1,29","2026-02-26 22:32"
"D:\TEIA OS\google-cloud-sdk\lib\surface\alloydb\clusters\restore.py","5,97","2026-02-26 22:32"
"D:\TEIA OS\google-cloud-sdk\lib\surface\alloydb\clusters\__pycache__\restore.cpython-313.pyc","6,95","2026-02-26 22:34"
"D:\TEIA OS\google-cloud-sdk\lib\surface\bigtable\instances\tables\restore.py","3,16","2026-02-26 22:32"
"D:\TEIA OS\google-cloud-sdk\lib\surface\bigtable\instances\tables\__pycache__\restore.cpython-313.pyc","3,88","2026-02-26 22:34"
"D:\TEIA OS\google-cloud-sdk\lib\surface\bms\volumes\restore.py","3,29","2026-02-26 22:32"
"D:\TEIA OS\google-cloud-sdk\lib\surface\bms\volumes\__pycache__\restore.cpython-313.pyc","4,27","2026-02-26 22:34"
"D:\TEIA OS\google-cloud-sdk\lib\surface\components\restore.py","2,27","2026-02-26 22:32"
"D:\TEIA OS\google-cloud-sdk\lib\surface\components\__pycache__\restore.cpython-313.pyc","2,34","2026-02-26 22:34"
"D:\TEIA OS\google-cloud-sdk\lib\surface\database_migration\conversion_workspaces\seed.py","3,07","2026-02-26 22:32"
"D:\TEIA OS\google-cloud-sdk\lib\surface\database_migration\conversion_workspaces\__pycache__\seed.cpython-313.pyc","3,69","2026-02-26 22:34"
"D:\TEIA OS\google-cloud-sdk\lib\surface\filestore\instances\restore.yaml","4,8","2026-02-26 22:32"
"D:\TEIA OS\google-cloud-sdk\lib\surface\firestore\databases\restore.py","2,99","2026-02-26 22:32"
"D:\TEIA OS\google-cloud-sdk\lib\surface\firestore\databases\__pycache__\restore.cpython-313.pyc","3,75","2026-02-26 22:34"
"D:\TEIA OS\google-cloud-sdk\lib\surface\kms\keys\versions\restore.py","1,97","2026-02-26 22:32"
"D:\TEIA OS\google-cloud-sdk\lib\surface\kms\keys\versions\__pycache__\restore.cpython-313.pyc","2,2","2026-02-26 22:34"
"D:\TEIA OS\google-cloud-sdk\lib\surface\looker\instances\restore.yaml","1,73","2026-02-26 22:32"
"D:\TEIA OS\google-cloud-sdk\lib\surface\metastore\services\restore.yaml","2,99","2026-02-26 22:32"
"D:\TEIA OS\google-cloud-sdk\lib\surface\netapp\volumes\restore_backup_files.py","3,46","2026-02-26 22:32"
"D:\TEIA OS\google-cloud-sdk\lib\surface\netapp\volumes\__pycache__\restore_backup_files.cpython-313.pyc","4,84","2026-02-26 22:34"
"D:\TEIA OS\google-cloud-sdk\lib\surface\oracle_database\autonomous_databases\restore.yaml","0,72","2026-02-26 22:32"
"D:\TEIA OS\google-cloud-sdk\lib\surface\oracle_database\autonomous_databases\_partials\_restore_alpha.yaml","2,16","2026-02-26 22:32"
"D:\TEIA OS\google-cloud-sdk\lib\surface\oracle_database\autonomous_databases\_partials\_restore_ga.yaml","2,14","2026-02-26 22:32"
"D:\TEIA OS\google-cloud-sdk\lib\surface\spanner\databases\restore.py","3,12","2026-02-26 22:32"
"D:\TEIA OS\google-cloud-sdk\lib\surface\spanner\databases\__pycache__\restore.cpython-313.pyc","3,77","2026-02-26 22:34"
"D:\TEIA OS\google-cloud-sdk\lib\surface\sql\backups\restore.py","9,32","2026-02-26 22:32"
"D:\TEIA OS\google-cloud-sdk\lib\surface\sql\backups\__pycache__\restore.cpython-313.pyc","10,17","2026-02-26 22:34"
"D:\TEIA OS\google-cloud-sdk\lib\surface\sql\instances\point_in_time_restore.py","9,38","2026-02-26 22:32"
"D:\TEIA OS\google-cloud-sdk\lib\surface\sql\instances\restore_backup.py","4,66","2026-02-26 22:32"
"D:\TEIA OS\google-cloud-sdk\lib\surface\sql\instances\__pycache__\point_in_time_restore.cpython-313.pyc","10,58","2026-02-26 22:34"
"D:\TEIA OS\google-cloud-sdk\lib\surface\sql\instances\__pycache__\restore_backup.cpython-313.pyc","5,66","2026-02-26 22:34"
"D:\TEIA OS\google-cloud-sdk\lib\surface\storage\restore.py","13,35","2026-02-26 22:32"
"D:\TEIA OS\google-cloud-sdk\lib\surface\storage\__pycache__\restore.cpython-313.pyc","14,57","2026-02-26 22:34"
"D:\TEIA OS\google-cloud-sdk\lib\surface\workbench\instances\restore.py","2,12","2026-02-26 22:32"
"D:\TEIA OS\google-cloud-sdk\lib\surface\workbench\instances\__pycache__\restore.cpython-313.pyc","2,5","2026-02-26 22:34"
"D:\TEIA OS\TEIA_REBOOT\TEIA-OntoSeed-Gen.ps1","2,7","2025-11-26 22:49"
"D:\TEIA OS\TEIA_REBOOT\data\fractal_index.json","30255,5","2025-11-24 20:08"
"D:\TEIA OS\TEIA_REBOOT\data\seeds\Vídeo 4,111111_d0a9b3c7.seed.json","0,33","2025-11-26 22:50"
"D:\TEIA-ENVs\teia-engine\Lib\site-packages\torch\include\torch\csrc\jit\passes\restore_mutation.h","1,82","2026-01-24 16:41"
"D:\TEIA-ENVs\teia-engine\Library\include\openssl\seed.h","3,87","2025-11-11 03:11"
"D:\VS2026\Install\Common7\IDE\CommonExtensions\Microsoft\CMake\CMake\share\cmake-4.1\Help\variable\CMAKE_VS_NUGET_PACKAGE_RESTORE.rst","0,93","2025-12-08 17:55"
"D:\VS2026\Install\Common7\IDE\CommonExtensions\Microsoft\NuGet\NuGet.RestoreEx.targets","3,1","2025-12-08 17:51"
"D:\VS2026\Install\Common7\IDE\CommonExtensions\Microsoft\NuGet\NuGet.SolutionRestoreManager.dll","242,03","2025-12-08 17:51"
"D:\VS2026\Install\Common7\IDE\CommonExtensions\Microsoft\NuGet\NuGet.SolutionRestoreManager.pkgdef","13,19","2025-12-08 17:51"
"D:\VS2026\Install\Common7\IDE\CommonExtensions\Microsoft\NuGet\cs\NuGet.SolutionRestoreManager.resources.dll","19,03","2025-12-08 17:51"
"D:\VS2026\Install\Common7\IDE\CommonExtensions\Microsoft\NuGet\de\NuGet.SolutionRestoreManager.resources.dll","19,53","2025-12-08 17:51"
"D:\VS2026\Install\Common7\IDE\CommonExtensions\Microsoft\NuGet\es\NuGet.SolutionRestoreManager.resources.dll","19,07","2025-12-08 17:51"
"D:\VS2026\Install\Common7\IDE\CommonExtensions\Microsoft\NuGet\fr\NuGet.SolutionRestoreManager.resources.dll","19,53","2025-12-08 17:51"
"D:\VS2026\Install\Common7\IDE\CommonExtensions\Microsoft\NuGet\it\NuGet.SolutionRestoreManager.resources.dll","19,07","2025-12-08 17:51"
"D:\VS2026\Install\Common7\IDE\CommonExtensions\Microsoft\NuGet\ja\NuGet.SolutionRestoreManager.resources.dll","20,03","2025-12-08 17:51"
"D:\VS2026\Install\Common7\IDE\CommonExtensions\Microsoft\NuGet\ko\NuGet.SolutionRestoreManager.resources.dll","19,53","2025-12-08 17:51"
"D:\VS2026\Install\Common7\IDE\CommonExtensions\Microsoft\NuGet\pl\NuGet.SolutionRestoreManager.resources.dll","19,53","2025-12-08 17:51"
"D:\VS2026\Install\Common7\IDE\CommonExtensions\Microsoft\NuGet\pt-BR\NuGet.SolutionRestoreManager.resources.dll","19,03","2025-12-08 17:51"
"D:\VS2026\Install\Common7\IDE\CommonExtensions\Microsoft\NuGet\ru\NuGet.SolutionRestoreManager.resources.dll","21,03","2025-12-08 17:51"
"D:\VS2026\Install\Common7\IDE\CommonExtensions\Microsoft\NuGet\tr\NuGet.SolutionRestoreManager.resources.dll","19,07","2025-12-08 17:51"
"D:\VS2026\Install\Common7\IDE\CommonExtensions\Microsoft\NuGet\zh-Hans\NuGet.SolutionRestoreManager.resources.dll","18,57","2025-12-08 17:51"
"D:\VS2026\Install\Common7\IDE\CommonExtensions\Microsoft\NuGet\zh-Hant\NuGet.SolutionRestoreManager.resources.dll","18,57","2025-12-08 17:51"
